column,category,business_description,analytical_use,reason,missing_count,missing_percent,gtd_coded_count,gtd_coded_percent,total_missing_or_coded,total_missing_or_coded_percent,completeness_percent,data_type,total_rows,unique_values
weapsubtype4_txt,Other / Technical,Not currently selected for the primary security analysis.,Excluded from Primary Analysis,"Not required for the primary analytical questions, highly sparse, redundant, specialized, or outside the defined project scope.",4960,100.0,0,0.0,4960,100.0,0.0,float64,4960,0
weaptype4_txt,Other / Technical,Not currently selected for the primary security analysis.,Excluded from Primary Analysis,"Not required for the primary analytical questions, highly sparse, redundant, specialized, or outside the defined project scope.",4960,100.0,0,0.0,4960,100.0,0.0,float64,4960,0
weaptype4,Other / Technical,Not currently selected for the primary security analysis.,Excluded from Primary Analysis,"Not required for the primary analytical questions, highly sparse, redundant, specialized, or outside the defined project scope.",4960,100.0,0,0.0,4960,100.0,0.0,float64,4960,0
weapsubtype4,Other / Technical,Not currently selected for the primary security analysis.,Excluded from Primary Analysis,"Not required for the primary analytical questions, highly sparse, redundant, specialized, or outside the defined project scope.",4960,100.0,0,0.0,4960,100.0,0.0,float64,4960,0
gsubname3,Other / Technical,Not currently selected for the primary security analysis.,Excluded from Primary Analysis,"Not required for the primary analytical questions, highly sparse, redundant, specialized, or outside the defined project scope.",4960,100.0,0,0.0,4960,100.0,0.0,float64,4960,0
divert,Other / Technical,Not currently selected for the primary security analysis.,Excluded from Primary Analysis,"Not required for the primary analytical questions, highly sparse, redundant, specialized, or outside the defined project scope.",4959,99.98,0,0.0,4959,99.98,0.02,object,4960,1
claimmode3_txt,Other / Technical,Not currently selected for the primary security analysis.,Excluded from Primary Analysis,"Not required for the primary analytical questions, highly sparse, redundant, specialized, or outside the defined project scope.",4959,99.98,0,0.0,4959,99.98,0.02,object,4960,1
kidhijcountry,Other / Technical,Not currently selected for the primary security analysis.,Excluded from Primary Analysis,"Not required for the primary analytical questions, highly sparse, redundant, specialized, or outside the defined project scope.",4959,99.98,0,0.0,4959,99.98,0.02,object,4960,1
claimmode3,Other / Technical,Not currently selected for the primary security analysis.,Excluded from Primary Analysis,"Not required for the primary analytical questions, highly sparse, redundant, specialized, or outside the defined project scope.",4959,99.98,0,0.0,4959,99.98,0.02,float64,4960,1
nhours,Other / Technical,Not currently selected for the primary security analysis.,Excluded from Primary Analysis,"Not required for the primary analytical questions, highly sparse, redundant, specialized, or outside the defined project scope.",4840,97.58,113,2.28,4953,99.86,0.14,float64,4960,5
claimmode2_txt,Other / Technical,Not currently selected for the primary security analysis.,Excluded from Primary Analysis,"Not required for the primary analytical questions, highly sparse, redundant, specialized, or outside the defined project scope.",4953,99.86,0,0.0,4953,99.86,0.14,object,4960,4
claimmode2,Other / Technical,Not currently selected for the primary security analysis.,Excluded from Primary Analysis,"Not required for the primary analytical questions, highly sparse, redundant, specialized, or outside the defined project scope.",4953,99.86,0,0.0,4953,99.86,0.14,float64,4960,4
compclaim,Other / Technical,Not currently selected for the primary security analysis.,Excluded from Primary Analysis,"Not required for the primary analytical questions, highly sparse, redundant, specialized, or outside the defined project scope.",4953,99.86,0,0.0,4953,99.86,0.14,float64,4960,2
gsubname2,Other / Technical,Not currently selected for the primary security analysis.,Excluded from Primary Analysis,"Not required for the primary analytical questions, highly sparse, redundant, specialized, or outside the defined project scope.",4952,99.84,0,0.0,4952,99.84,0.16,object,4960,6
guncertain3,Other / Technical,Not currently selected for the primary security analysis.,Excluded from Primary Analysis,"Not required for the primary analytical questions, highly sparse, redundant, specialized, or outside the defined project scope.",4948,99.76,0,0.0,4948,99.76,0.24,float64,4960,2
claim3,Other / Technical,Not currently selected for the primary security analysis.,Excluded from Primary Analysis,"Not required for the primary analytical questions, highly sparse, redundant, specialized, or outside the defined project scope.",4948,99.76,0,0.0,4948,99.76,0.24,float64,4960,2
gname3,Other / Technical,Not currently selected for the primary security analysis.,Excluded from Primary Analysis,"Not required for the primary analytical questions, highly sparse, redundant, specialized, or outside the defined project scope.",4948,99.76,0,0.0,4948,99.76,0.24,object,4960,9
ransompaid,Other / Technical,Not currently selected for the primary security analysis.,Excluded from Primary Analysis,"Not required for the primary analytical questions, highly sparse, redundant, specialized, or outside the defined project scope.",4932,99.44,10,0.2,4942,99.64,0.36,float64,4960,11
propvalue,Security Consequences,Estimated value of property damage.,Excluded from Primary Analysis,"Not required for the primary analytical questions, highly sparse, redundant, specialized, or outside the defined project scope.",3046,61.41,1895,38.21,4941,99.62,0.38,float64,4960,15
ransomnote,Other / Technical,Not currently selected for the primary security analysis.,Excluded from Primary Analysis,"Not required for the primary analytical questions, highly sparse, redundant, specialized, or outside the defined project scope.",4940,99.6,0,0.0,4940,99.6,0.4,object,4960,20
ransomamtus,Other / Technical,Not currently selected for the primary security analysis.,Excluded from Primary Analysis,"Not required for the primary analytical questions, highly sparse, redundant, specialized, or outside the defined project scope.",4935,99.5,2,0.04,4937,99.54,0.46,float64,4960,2
ransompaidus,Other / Technical,Not currently selected for the primary security analysis.,Excluded from Primary Analysis,"Not required for the primary analytical questions, highly sparse, redundant, specialized, or outside the defined project scope.",4935,99.5,1,0.02,4936,99.52,0.48,float64,4960,2
ransomamt,Other / Technical,Not currently selected for the primary security analysis.,Excluded from Primary Analysis,"Not required for the primary analytical questions, highly sparse, redundant, specialized, or outside the defined project scope.",4929,99.38,5,0.1,4934,99.48,0.52,float64,4960,26
natlty3_txt,Other / Technical,Not currently selected for the primary security analysis.,Excluded from Primary Analysis,"Not required for the primary analytical questions, highly sparse, redundant, specialized, or outside the defined project scope.",4897,98.73,0,0.0,4897,98.73,1.27,object,4960,25
natlty3,Other / Technical,Not currently selected for the primary security analysis.,Excluded from Primary Analysis,"Not required for the primary analytical questions, highly sparse, redundant, specialized, or outside the defined project scope.",4897,98.73,0,0.0,4897,98.73,1.27,float64,4960,25
target3,Other / Technical,Not currently selected for the primary security analysis.,Excluded from Primary Analysis,"Not required for the primary analytical questions, highly sparse, redundant, specialized, or outside the defined project scope.",4897,98.73,0,0.0,4897,98.73,1.27,object,4960,40
targtype3,Other / Technical,Not currently selected for the primary security analysis.,Excluded from Primary Analysis,"Not required for the primary analytical questions, highly sparse, redundant, specialized, or outside the defined project scope.",4897,98.73,0,0.0,4897,98.73,1.27,float64,4960,10
targsubtype3,Other / Technical,Not currently selected for the primary security analysis.,Excluded from Primary Analysis,"Not required for the primary analytical questions, highly sparse, redundant, specialized, or outside the defined project scope.",4897,98.73,0,0.0,4897,98.73,1.27,float64,4960,24
targsubtype3_txt,Other / Technical,Not currently selected for the primary security analysis.,Excluded from Primary Analysis,"Not required for the primary analytical questions, highly sparse, redundant, specialized, or outside the defined project scope.",4897,98.73,0,0.0,4897,98.73,1.27,object,4960,24
targtype3_txt,Other / Technical,Not currently selected for the primary security analysis.,Excluded from Primary Analysis,"Not required for the primary analytical questions, highly sparse, redundant, specialized, or outside the defined project scope.",4897,98.73,0,0.0,4897,98.73,1.27,object,4960,10
corp3,Other / Technical,Not currently selected for the primary security analysis.,Excluded from Primary Analysis,"Not required for the primary analytical questions, highly sparse, redundant, specialized, or outside the defined project scope.",4897,98.73,0,0.0,4897,98.73,1.27,object,4960,25
attacktype3_txt,Other / Technical,Not currently selected for the primary security analysis.,Excluded from Primary Analysis,"Not required for the primary analytical questions, highly sparse, redundant, specialized, or outside the defined project scope.",4894,98.67,0,0.0,4894,98.67,1.33,object,4960,2
attacktype3,Other / Technical,Not currently selected for the primary security analysis.,Excluded from Primary Analysis,"Not required for the primary analytical questions, highly sparse, redundant, specialized, or outside the defined project scope.",4894,98.67,0,0.0,4894,98.67,1.33,float64,4960,2
ndays,Other / Technical,Not currently selected for the primary security analysis.,Excluded from Primary Analysis,"Not required for the primary analytical questions, highly sparse, redundant, specialized, or outside the defined project scope.",4588,92.5,293,5.91,4881,98.41,1.59,float64,4960,26
guncertain2,Other / Technical,Not currently selected for the primary security analysis.,Excluded from Primary Analysis,"Not required for the primary analytical questions, highly sparse, redundant, specialized, or outside the defined project scope.",4864,98.06,0,0.0,4864,98.06,1.94,float64,4960,2
gname2,Other / Technical,Not currently selected for the primary security analysis.,Excluded from Primary Analysis,"Not required for the primary analytical questions, highly sparse, redundant, specialized, or outside the defined project scope.",4864,98.06,0,0.0,4864,98.06,1.94,object,4960,40
claim2,Other / Technical,Not currently selected for the primary security analysis.,Excluded from Primary Analysis,"Not required for the primary analytical questions, highly sparse, redundant, specialized, or outside the defined project scope.",4864,98.06,0,0.0,4864,98.06,1.94,float64,4960,2
resolution,Incident,Not currently selected for the primary security analysis.,Excluded from Primary Analysis,"Not required for the primary analytical questions, highly sparse, redundant, specialized, or outside the defined project scope.",4864,98.06,0,0.0,4864,98.06,1.94,object,4960,77
weapsubtype3,Other / Technical,Not currently selected for the primary security analysis.,Excluded from Primary Analysis,"Not required for the primary analytical questions, highly sparse, redundant, specialized, or outside the defined project scope.",4857,97.92,0,0.0,4857,97.92,2.08,float64,4960,10
weapsubtype3_txt,Other / Technical,Not currently selected for the primary security analysis.,Excluded from Primary Analysis,"Not required for the primary analytical questions, highly sparse, redundant, specialized, or outside the defined project scope.",4857,97.92,0,0.0,4857,97.92,2.08,object,4960,10
weaptype3,Other / Technical,Not currently selected for the primary security analysis.,Excluded from Primary Analysis,"Not required for the primary analytical questions, highly sparse, redundant, specialized, or outside the defined project scope.",4845,97.68,0,0.0,4845,97.68,2.32,float64,4960,8
weaptype3_txt,Other / Technical,Not currently selected for the primary security analysis.,Excluded from Primary Analysis,"Not required for the primary analytical questions, highly sparse, redundant, specialized, or outside the defined project scope.",4845,97.68,0,0.0,4845,97.68,2.32,object,4960,8
nreleased,Other / Technical,Not currently selected for the primary security analysis.,Excluded from Primary Analysis,"Not required for the primary analytical questions, highly sparse, redundant, specialized, or outside the defined project scope.",4483,90.38,244,4.92,4727,95.3,4.7,float64,4960,23
gsubname,Threat Context,Not currently selected for the primary security analysis.,Excluded from Primary Analysis,"Not required for the primary analytical questions, highly sparse, redundant, specialized, or outside the defined project scope.",4718,95.12,0,0.0,4718,95.12,4.88,object,4960,75
approxdate,Incident,Not currently selected for the primary security analysis.,Excluded from Primary Analysis,"Not required for the primary analytical questions, highly sparse, redundant, specialized, or outside the defined project scope.",4576,92.26,0,0.0,4576,92.26,7.74,object,4960,164
nhostkid,Other / Technical,Not currently selected for the primary security analysis.,Excluded from Primary Analysis,"Not required for the primary analytical questions, highly sparse, redundant, specialized, or outside the defined project scope.",4468,90.08,65,1.31,4533,91.39,8.61,float64,4960,45
ransom,Other / Technical,Not currently selected for the primary security analysis.,Excluded from Primary Analysis,"Not required for the primary analytical questions, highly sparse, redundant, specialized, or outside the defined project scope.",4472,90.16,18,0.36,4490,90.52,9.48,float64,4960,3
nhostkidus,Other / Technical,Not currently selected for the primary security analysis.,Excluded from Primary Analysis,"Not required for the primary analytical questions, highly sparse, redundant, specialized, or outside the defined project scope.",4471,90.14,3,0.06,4474,90.2,9.8,float64,4960,3
hostkidoutcome_txt,Other / Technical,Not currently selected for the primary security analysis.,Excluded from Primary Analysis,"Not required for the primary analytical questions, highly sparse, redundant, specialized, or outside the defined project scope.",4468,90.08,0,0.0,4468,90.08,9.92,object,4960,7
hostkidoutcome,Other / Technical,Not currently selected for the primary security analysis.,Excluded from Primary Analysis,"Not required for the primary analytical questions, highly sparse, redundant, specialized, or outside the defined project scope.",4468,90.08,0,0.0,4468,90.08,9.92,float64,4960,7
attacktype2,Other / Technical,Not currently selected for the primary security analysis.,Excluded from Primary Analysis,"Not required for the primary analytical questions, highly sparse, redundant, specialized, or outside the defined project scope.",4462,89.96,0,0.0,4462,89.96,10.04,float64,4960,5
attacktype2_txt,Other / Technical,Not currently selected for the primary security analysis.,Excluded from Primary Analysis,"Not required for the primary analytical questions, highly sparse, redundant, specialized, or outside the defined project scope.",4462,89.96,0,0.0,4462,89.96,10.04,object,4960,5
nperps,Other / Technical,Not currently selected for the primary security analysis.,Excluded from Primary Analysis,"Not required for the primary analytical questions, highly sparse, redundant, specialized, or outside the defined project scope.",0,0.0,4400,88.71,4400,88.71,11.29,int64,4960,32
weapsubtype2,Other / Technical,Not currently selected for the primary security analysis.,Excluded from Primary Analysis,"Not required for the primary analytical questions, highly sparse, redundant, specialized, or outside the defined project scope.",4384,88.39,0,0.0,4384,88.39,11.61,float64,4960,22
weapsubtype2_txt,Other / Technical,Not currently selected for the primary security analysis.,Excluded from Primary Analysis,"Not required for the primary analytical questions, highly sparse, redundant, specialized, or outside the defined project scope.",4384,88.39,0,0.0,4384,88.39,11.61,object,4960,22
natlty2,Other / Technical,Not currently selected for the primary security analysis.,Excluded from Primary Analysis,"Not required for the primary analytical questions, highly sparse, redundant, specialized, or outside the defined project scope.",4364,87.98,0,0.0,4364,87.98,12.02,float64,4960,52
natlty2_txt,Other / Technical,Not currently selected for the primary security analysis.,Excluded from Primary Analysis,"Not required for the primary analytical questions, highly sparse, redundant, specialized, or outside the defined project scope.",4364,87.98,0,0.0,4364,87.98,12.02,object,4960,52
targtype2_txt,Other / Technical,Not currently selected for the primary security analysis.,Excluded from Primary Analysis,"Not required for the primary analytical questions, highly sparse, redundant, specialized, or outside the defined project scope.",4362,87.94,0,0.0,4362,87.94,12.06,object,4960,16
corp2,Other / Technical,Not currently selected for the primary security analysis.,Excluded from Primary Analysis,"Not required for the primary analytical questions, highly sparse, redundant, specialized, or outside the defined project scope.",4362,87.94,0,0.0,4362,87.94,12.06,object,4960,152
targtype2,Other / Technical,Not currently selected for the primary security analysis.,Excluded from Primary Analysis,"Not required for the primary analytical questions, highly sparse, redundant, specialized, or outside the defined project scope.",4362,87.94,0,0.0,4362,87.94,12.06,float64,4960,16
targsubtype2,Other / Technical,Not currently selected for the primary security analysis.,Excluded from Primary Analysis,"Not required for the primary analytical questions, highly sparse, redundant, specialized, or outside the defined project scope.",4362,87.94,0,0.0,4362,87.94,12.06,float64,4960,65
targsubtype2_txt,Other / Technical,Not currently selected for the primary security analysis.,Excluded from Primary Analysis,"Not required for the primary analytical questions, highly sparse, redundant, specialized, or outside the defined project scope.",4362,87.94,0,0.0,4362,87.94,12.06,object,4960,65
target2,Other / Technical,Not currently selected for the primary security analysis.,Excluded from Primary Analysis,"Not required for the primary analytical questions, highly sparse, redundant, specialized, or outside the defined project scope.",4362,87.94,0,0.0,4362,87.94,12.06,object,4960,221
weaptype2_txt,Other / Technical,Not currently selected for the primary security analysis.,Excluded from Primary Analysis,"Not required for the primary analytical questions, highly sparse, redundant, specialized, or outside the defined project scope.",4280,86.29,0,0.0,4280,86.29,13.71,object,4960,9
weaptype2,Other / Technical,Not currently selected for the primary security analysis.,Excluded from Primary Analysis,"Not required for the primary analytical questions, highly sparse, redundant, specialized, or outside the defined project scope.",4280,86.29,0,0.0,4280,86.29,13.71,float64,4960,9
motive,Threat Context,Reported motive for the incident.,Supporting,"Useful for context, investigation, validation, or documentation but not required for the primary dashboard analysis.",4222,85.12,0,0.0,4222,85.12,14.88,object,4960,608
claimmode_txt,Other / Technical,Not currently selected for the primary security analysis.,Excluded from Primary Analysis,"Not required for the primary analytical questions, highly sparse, redundant, specialized, or outside the defined project scope.",4080,82.26,0,0.0,4080,82.26,17.74,object,4960,9
claimmode,Threat Context,Method or mode through which responsibility was claimed.,Supporting,"Useful for context, investigation, validation, or documentation but not required for the primary dashboard analysis.",4080,82.26,0,0.0,4080,82.26,17.74,float64,4960,9
related,Other / Technical,Not currently selected for the primary security analysis.,Excluded from Primary Analysis,"Not required for the primary analytical questions, highly sparse, redundant, specialized, or outside the defined project scope.",3994,80.52,0,0.0,3994,80.52,19.48,object,4960,353
alternative_txt,Other / Technical,Not currently selected for the primary security analysis.,Excluded from Primary Analysis,"Not required for the primary analytical questions, highly sparse, redundant, specialized, or outside the defined project scope.",3721,75.02,0,0.0,3721,75.02,24.98,object,4960,5
alternative,Other / Technical,Not currently selected for the primary security analysis.,Excluded from Primary Analysis,"Not required for the primary analytical questions, highly sparse, redundant, specialized, or outside the defined project scope.",3721,75.02,0,0.0,3721,75.02,24.98,float64,4960,5
addnotes,Evidence / Context,Additional notes about the incident.,Supporting,"Useful for context, investigation, validation, or documentation but not required for the primary dashboard analysis.",3495,70.46,0,0.0,3495,70.46,29.54,object,4960,663
scite3,Evidence / Context,Third source citation.,Supporting,"Useful for context, investigation, validation, or documentation but not required for the primary dashboard analysis.",3264,65.81,0,0.0,3264,65.81,34.19,object,4960,1360
propextent,Security Consequences,Not currently selected for the primary security analysis.,Excluded from Primary Analysis,"Not required for the primary analytical questions, highly sparse, redundant, specialized, or outside the defined project scope.",3040,61.29,0,0.0,3040,61.29,38.71,float64,4960,3
propextent_txt,Security Consequences,Estimated extent of property damage.,Primary,"Directly supports the incident severity, geographic risk, target security, weapon, or physical-security analysis.",3040,61.29,0,0.0,3040,61.29,38.71,object,4960,3
propcomment,Security Consequences,Comments regarding property damage.,Excluded from Primary Analysis,"Not required for the primary analytical questions, highly sparse, redundant, specialized, or outside the defined project scope.",3035,61.19,0,0.0,3035,61.19,38.81,object,4960,683
weapdetail,Weapons,Detailed description of the weapon used.,Supporting,"Useful for context, investigation, validation, or documentation but not required for the primary dashboard analysis.",3013,60.75,0,0.0,3013,60.75,39.25,object,4960,755
location,Other / Technical,Not currently selected for the primary security analysis.,Excluded from Primary Analysis,"Not required for the primary analytical questions, highly sparse, redundant, specialized, or outside the defined project scope.",2942,59.31,0,0.0,2942,59.31,40.69,object,4960,1614
INT_LOG,Other / Technical,Not currently selected for the primary security analysis.,Excluded from Primary Analysis,"Not required for the primary analytical questions, highly sparse, redundant, specialized, or outside the defined project scope.",0,0.0,2144,43.23,2144,43.23,56.77,int64,4960,3
INT_IDEO,Other / Technical,Not currently selected for the primary security analysis.,Excluded from Primary Analysis,"Not required for the primary analytical questions, highly sparse, redundant, specialized, or outside the defined project scope.",0,0.0,2144,43.23,2144,43.23,56.77,int64,4960,3
scite2,Evidence / Context,Secondary source citation.,Supporting,"Useful for context, investigation, validation, or documentation but not required for the primary dashboard analysis.",2005,40.42,0,0.0,2005,40.42,59.58,object,4960,2195
INT_ANY,Other / Technical,Not currently selected for the primary security analysis.,Excluded from Primary Analysis,"Not required for the primary analytical questions, highly sparse, redundant, specialized, or outside the defined project scope.",0,0.0,1967,39.66,1967,39.66,60.34,int64,4960,3
weapsubtype1,Weapons,Not currently selected for the primary security analysis.,Excluded from Primary Analysis,"Not required for the primary analytical questions, highly sparse, redundant, specialized, or outside the defined project scope.",793,15.99,0,0.0,793,15.99,84.01,float64,4960,28
weapsubtype1_txt,Weapons,Primary weapon subtype.,Primary,"Directly supports the incident severity, geographic risk, target security, weapon, or physical-security analysis.",793,15.99,0,0.0,793,15.99,84.01,object,4960,28
nwound,Impact,Number of people wounded.,Primary,"Directly supports the incident severity, geographic risk, target security, weapon, or physical-security analysis.",769,15.5,0,0.0,769,15.5,84.5,float64,4960,44
property,Security Consequences,Indicates whether property was damaged.,Primary,"Directly supports the incident severity, geographic risk, target security, weapon, or physical-security analysis.",0,0.0,738,14.88,738,14.88,85.12,int64,4960,3
nkill,Impact,Number of people killed.,Primary,"Directly supports the incident severity, geographic risk, target security, weapon, or physical-security analysis.",424,8.55,0,0.0,424,8.55,91.45,float64,4960,52
nwoundte,Impact,Number of perpetrators wounded.,Primary,"Directly supports the incident severity, geographic risk, target security, weapon, or physical-security analysis.",423,8.53,0,0.0,423,8.53,91.47,float64,4960,22
nkillter,Impact,Number of perpetrators killed.,Primary,"Directly supports the incident severity, geographic risk, target security, weapon, or physical-security analysis.",313,6.31,0,0.0,313,6.31,93.69,float64,4960,29
targsubtype1_txt,Target Security,More specific category of the primary target.,Primary,"Directly supports the incident severity, geographic risk, target security, weapon, or physical-security analysis.",183,3.69,0,0.0,183,3.69,96.31,object,4960,99
targsubtype1,Target Security,Not currently selected for the primary security analysis.,Excluded from Primary Analysis,"Not required for the primary analytical questions, highly sparse, redundant, specialized, or outside the defined project scope.",183,3.69,0,0.0,183,3.69,96.31,float64,4960,99
ishostkid,Security Consequences,Indicates whether the incident involved hostage taking or kidnapping.,Primary,"Directly supports the incident severity, geographic risk, target security, weapon, or physical-security analysis.",0,0.0,112,2.26,112,2.26,97.74,int64,4960,3
nperpcap,Security Consequences,Number of perpetrators captured.,Primary,"Directly supports the incident severity, geographic risk, target security, weapon, or physical-security analysis.",0,0.0,65,1.31,65,1.31,98.69,int64,4960,14
natlty1_txt,Other / Technical,Not currently selected for the primary security analysis.,Excluded from Primary Analysis,"Not required for the primary analytical questions, highly sparse, redundant, specialized, or outside the defined project scope.",60,1.21,0,0.0,60,1.21,98.79,object,4960,87
natlty1,Other / Technical,Not currently selected for the primary security analysis.,Excluded from Primary Analysis,"Not required for the primary analytical questions, highly sparse, redundant, specialized, or outside the defined project scope.",60,1.21,0,0.0,60,1.21,98.79,float64,4960,87
longitude,Geography,Longitude of the incident location.,Primary,"Directly supports the incident severity, geographic risk, target security, weapon, or physical-security analysis.",35,0.71,0,0.0,35,0.71,99.29,float64,4960,3239
latitude,Geography,Latitude of the incident location.,Primary,"Directly supports the incident severity, geographic risk, target security, weapon, or physical-security analysis.",35,0.71,0,0.0,35,0.71,99.29,float64,4960,3250
multiple,Incident Characteristics,Indicates whether the incident involved multiple attacks.,Primary,"Directly supports the incident severity, geographic risk, target security, weapon, or physical-security analysis.",2,0.04,0,0.0,2,0.04,99.96,float64,4960,2
nkillus,Impact,Number of U.S. citizens killed.,Excluded from Primary Analysis,"Not required for the primary analytical questions, highly sparse, redundant, specialized, or outside the defined project scope.",1,0.02,0,0.0,1,0.02,99.98,float64,4960,5
nwoundus,Impact,Number of U.S. citizens wounded.,Excluded from Primary Analysis,"Not required for the primary analytical questions, highly sparse, redundant, specialized, or outside the defined project scope.",1,0.02,0,0.0,1,0.02,99.98,float64,4960,5
eventid,Incident,Unique identifier for the incident.,Primary,"Directly supports the incident severity, geographic risk, target security, weapon, or physical-security analysis.",0,0.0,0,0.0,0,0.0,100.0,int64,4960,4960
iyear,Incident,Year in which the incident occurred.,Primary,"Directly supports the incident severity, geographic risk, target security, weapon, or physical-security analysis.",0,0.0,0,0.0,0,0.0,100.0,int64,4960,1
imonth,Incident,Month in which the incident occurred.,Primary,"Directly supports the incident severity, geographic risk, target security, weapon, or physical-security analysis.",0,0.0,0,0.0,0,0.0,100.0,int64,4960,6
extended,Incident,Not currently selected for the primary security analysis.,Excluded from Primary Analysis,"Not required for the primary analytical questions, highly sparse, redundant, specialized, or outside the defined project scope.",0,0.0,0,0.0,0,0.0,100.0,int64,4960,2
iday,Incident,Day in which the incident occurred.,Primary,"Directly supports the incident severity, geographic risk, target security, weapon, or physical-security analysis.",0,0.0,0,0.0,0,0.0,100.0,int64,4960,31
gname,Threat Context,Name of the perpetrator group.,Primary,"Directly supports the incident severity, geographic risk, target security, weapon, or physical-security analysis.",0,0.0,0,0.0,0,0.0,100.0,object,4960,197
target1,Target Security,Specific target involved in the incident.,Primary,"Directly supports the incident severity, geographic risk, target security, weapon, or physical-security analysis.",0,0.0,0,0.0,0,0.0,100.0,object,4960,1678
summary,Evidence / Context,Narrative summary of the incident.,Supporting,"Useful for context, investigation, validation, or documentation but not required for the primary dashboard analysis.",0,0.0,0,0.0,0,0.0,100.0,object,4960,4881
vicinity,Geography,Not currently selected for the primary security analysis.,Supporting,"Useful for context, investigation, validation, or documentation but not required for the primary dashboard analysis.",0,0.0,0,0.0,0,0.0,100.0,int64,4960,2
specificity,Geography,Not currently selected for the primary security analysis.,Supporting,"Useful for context, investigation, validation, or documentation but not required for the primary dashboard analysis.",0,0.0,0,0.0,0,0.0,100.0,int64,4960,5
provstate,Geography,"Province, state, or administrative area.",Primary,"Directly supports the incident severity, geographic risk, target security, weapon, or physical-security analysis.",0,0.0,0,0.0,0,0.0,100.0,object,4960,443
individual,Other / Technical,Not currently selected for the primary security analysis.,Excluded from Primary Analysis,"Not required for the primary analytical questions, highly sparse, redundant, specialized, or outside the defined project scope.",0,0.0,0,0.0,0,0.0,100.0,int64,4960,2
guncertain1,Threat Context,Indicates uncertainty regarding the identified perpetrator group.,Supporting,"Useful for context, investigation, validation, or documentation but not required for the primary dashboard analysis.",0,0.0,0,0.0,0,0.0,100.0,int64,4960,2
suicide,Incident Characteristics,Indicates whether the incident involved a suicide attack.,Primary,"Directly supports the incident severity, geographic risk, target security, weapon, or physical-security analysis.",0,0.0,0,0.0,0,0.0,100.0,int64,4960,2
success,Incident Characteristics,Indicates whether the attack was successful.,Primary,"Directly supports the incident severity, geographic risk, target security, weapon, or physical-security analysis.",0,0.0,0,0.0,0,0.0,100.0,int64,4960,2
region_txt,Geography,Geographic region where the incident occurred.,Primary,"Directly supports the incident severity, geographic risk, target security, weapon, or physical-security analysis.",0,0.0,0,0.0,0,0.0,100.0,object,4960,11
region,Geography,Not currently selected for the primary security analysis.,Excluded from Primary Analysis,"Not required for the primary analytical questions, highly sparse, redundant, specialized, or outside the defined project scope.",0,0.0,0,0.0,0,0.0,100.0,int64,4960,11
city,Geography,City where the incident occurred.,Primary,"Directly supports the incident severity, geographic risk, target security, weapon, or physical-security analysis.",0,0.0,0,0.0,0,0.0,100.0,object,4960,2791
country,Geography,Not currently selected for the primary security analysis.,Excluded from Primary Analysis,"Not required for the primary analytical questions, highly sparse, redundant, specialized, or outside the defined project scope.",0,0.0,0,0.0,0,0.0,100.0,int64,4960,80
doubtterr,Other / Technical,Not currently selected for the primary security analysis.,Excluded from Primary Analysis,"Not required for the primary analytical questions, highly sparse, redundant, specialized, or outside the defined project scope.",0,0.0,0,0.0,0,0.0,100.0,int64,4960,2
crit3,Other / Technical,Not currently selected for the primary security analysis.,Excluded from Primary Analysis,"Not required for the primary analytical questions, highly sparse, redundant, specialized, or outside the defined project scope.",0,0.0,0,0.0,0,0.0,100.0,int64,4960,2
crit2,Other / Technical,Not currently selected for the primary security analysis.,Excluded from Primary Analysis,"Not required for the primary analytical questions, highly sparse, redundant, specialized, or outside the defined project scope.",0,0.0,0,0.0,0,0.0,100.0,int64,4960,2
crit1,Other / Technical,Not currently selected for the primary security analysis.,Excluded from Primary Analysis,"Not required for the primary analytical questions, highly sparse, redundant, specialized, or outside the defined project scope.",0,0.0,0,0.0,0,0.0,100.0,int64,4960,2
attacktype1_txt,Incident Characteristics,Primary type of attack.,Primary,"Directly supports the incident severity, geographic risk, target security, weapon, or physical-security analysis.",0,0.0,0,0.0,0,0.0,100.0,object,4960,9
targtype1,Target Security,Not currently selected for the primary security analysis.,Excluded from Primary Analysis,"Not required for the primary analytical questions, highly sparse, redundant, specialized, or outside the defined project scope.",0,0.0,0,0.0,0,0.0,100.0,int64,4960,21
targtype1_txt,Target Security,Primary category of target.,Primary,"Directly supports the incident severity, geographic risk, target security, weapon, or physical-security analysis.",0,0.0,0,0.0,0,0.0,100.0,object,4960,21
corp1,Target Security,Organization or corporation associated with the target.,Primary,"Directly supports the incident severity, geographic risk, target security, weapon, or physical-security analysis.",0,0.0,0,0.0,0,0.0,100.0,object,4960,1470
country_txt,Geography,Country where the incident occurred.,Primary,"Directly supports the incident severity, geographic risk, target security, weapon, or physical-security analysis.",0,0.0,0,0.0,0,0.0,100.0,object,4960,80
attacktype1,Incident Characteristics,Not currently selected for the primary security analysis.,Excluded from Primary Analysis,"Not required for the primary analytical questions, highly sparse, redundant, specialized, or outside the defined project scope.",0,0.0,0,0.0,0,0.0,100.0,int64,4960,9
weaptype1,Weapons,Not currently selected for the primary security analysis.,Excluded from Primary Analysis,"Not required for the primary analytical questions, highly sparse, redundant, specialized, or outside the defined project scope.",0,0.0,0,0.0,0,0.0,100.0,int64,4960,9
claimed,Threat Context,Indicates whether responsibility was claimed.,Primary,"Directly supports the incident severity, geographic risk, target security, weapon, or physical-security analysis.",0,0.0,0,0.0,0,0.0,100.0,int64,4960,2
weaptype1_txt,Weapons,Primary weapon category.,Primary,"Directly supports the incident severity, geographic risk, target security, weapon, or physical-security analysis.",0,0.0,0,0.0,0,0.0,100.0,object,4960,9
scite1,Evidence / Context,Primary source citation for the incident.,Supporting,"Useful for context, investigation, validation, or documentation but not required for the primary dashboard analysis.",0,0.0,0,0.0,0,0.0,100.0,object,4960,3123
dbsource,Other / Technical,Not currently selected for the primary security analysis.,Excluded from Primary Analysis,"Not required for the primary analytical questions, highly sparse, redundant, specialized, or outside the defined project scope.",0,0.0,0,0.0,0,0.0,100.0,object,4960,1
INT_MISC,Other / Technical,Not currently selected for the primary security analysis.,Excluded from Primary Analysis,"Not required for the primary analytical questions, highly sparse, redundant, specialized, or outside the defined project scope.",0,0.0,0,0.0,0,0.0,100.0,int64,4960,2
