column,data_type,total_rows,missing_count,missing_percent,unique_values,gtd_coded_count,gtd_coded_percent,total_missing_or_coded,total_missing_or_coded_percent,completeness_percent
weapsubtype4_txt,float64,4960,4960,100.0,0,0,0.0,4960,100.0,0.0
weaptype4_txt,float64,4960,4960,100.0,0,0,0.0,4960,100.0,0.0
weaptype4,float64,4960,4960,100.0,0,0,0.0,4960,100.0,0.0
weapsubtype4,float64,4960,4960,100.0,0,0,0.0,4960,100.0,0.0
gsubname3,float64,4960,4960,100.0,0,0,0.0,4960,100.0,0.0
divert,object,4960,4959,99.98,1,0,0.0,4959,99.98,0.02
claimmode3_txt,object,4960,4959,99.98,1,0,0.0,4959,99.98,0.02
kidhijcountry,object,4960,4959,99.98,1,0,0.0,4959,99.98,0.02
claimmode3,float64,4960,4959,99.98,1,0,0.0,4959,99.98,0.02
nhours,float64,4960,4840,97.58,5,113,2.28,4953,99.86,0.14
claimmode2_txt,object,4960,4953,99.86,4,0,0.0,4953,99.86,0.14
claimmode2,float64,4960,4953,99.86,4,0,0.0,4953,99.86,0.14
compclaim,float64,4960,4953,99.86,2,0,0.0,4953,99.86,0.14
gsubname2,object,4960,4952,99.84,6,0,0.0,4952,99.84,0.16
guncertain3,float64,4960,4948,99.76,2,0,0.0,4948,99.76,0.24
claim3,float64,4960,4948,99.76,2,0,0.0,4948,99.76,0.24
gname3,object,4960,4948,99.76,9,0,0.0,4948,99.76,0.24
ransompaid,float64,4960,4932,99.44,11,10,0.2,4942,99.64,0.36
propvalue,float64,4960,3046,61.41,15,1895,38.21,4941,99.62,0.38
ransomnote,object,4960,4940,99.6,20,0,0.0,4940,99.6,0.4
ransomamtus,float64,4960,4935,99.5,2,2,0.04,4937,99.54,0.46
ransompaidus,float64,4960,4935,99.5,2,1,0.02,4936,99.52,0.48
ransomamt,float64,4960,4929,99.38,26,5,0.1,4934,99.48,0.52
natlty3_txt,object,4960,4897,98.73,25,0,0.0,4897,98.73,1.27
natlty3,float64,4960,4897,98.73,25,0,0.0,4897,98.73,1.27
target3,object,4960,4897,98.73,40,0,0.0,4897,98.73,1.27
targtype3,float64,4960,4897,98.73,10,0,0.0,4897,98.73,1.27
targsubtype3,float64,4960,4897,98.73,24,0,0.0,4897,98.73,1.27
targsubtype3_txt,object,4960,4897,98.73,24,0,0.0,4897,98.73,1.27
targtype3_txt,object,4960,4897,98.73,10,0,0.0,4897,98.73,1.27
corp3,object,4960,4897,98.73,25,0,0.0,4897,98.73,1.27
attacktype3_txt,object,4960,4894,98.67,2,0,0.0,4894,98.67,1.33
attacktype3,float64,4960,4894,98.67,2,0,0.0,4894,98.67,1.33
ndays,float64,4960,4588,92.5,26,293,5.91,4881,98.41,1.59
guncertain2,float64,4960,4864,98.06,2,0,0.0,4864,98.06,1.94
gname2,object,4960,4864,98.06,40,0,0.0,4864,98.06,1.94
claim2,float64,4960,4864,98.06,2,0,0.0,4864,98.06,1.94
resolution,object,4960,4864,98.06,77,0,0.0,4864,98.06,1.94
weapsubtype3,float64,4960,4857,97.92,10,0,0.0,4857,97.92,2.08
weapsubtype3_txt,object,4960,4857,97.92,10,0,0.0,4857,97.92,2.08
weaptype3,float64,4960,4845,97.68,8,0,0.0,4845,97.68,2.32
weaptype3_txt,object,4960,4845,97.68,8,0,0.0,4845,97.68,2.32
nreleased,float64,4960,4483,90.38,23,244,4.92,4727,95.3,4.7
gsubname,object,4960,4718,95.12,75,0,0.0,4718,95.12,4.88
approxdate,object,4960,4576,92.26,164,0,0.0,4576,92.26,7.74
nhostkid,float64,4960,4468,90.08,45,65,1.31,4533,91.39,8.61
ransom,float64,4960,4472,90.16,3,18,0.36,4490,90.52,9.48
nhostkidus,float64,4960,4471,90.14,3,3,0.06,4474,90.2,9.8
hostkidoutcome_txt,object,4960,4468,90.08,7,0,0.0,4468,90.08,9.92
hostkidoutcome,float64,4960,4468,90.08,7,0,0.0,4468,90.08,9.92
attacktype2,float64,4960,4462,89.96,5,0,0.0,4462,89.96,10.04
attacktype2_txt,object,4960,4462,89.96,5,0,0.0,4462,89.96,10.04
nperps,int64,4960,0,0.0,32,4400,88.71,4400,88.71,11.29
weapsubtype2,float64,4960,4384,88.39,22,0,0.0,4384,88.39,11.61
weapsubtype2_txt,object,4960,4384,88.39,22,0,0.0,4384,88.39,11.61
natlty2,float64,4960,4364,87.98,52,0,0.0,4364,87.98,12.02
natlty2_txt,object,4960,4364,87.98,52,0,0.0,4364,87.98,12.02
targtype2_txt,object,4960,4362,87.94,16,0,0.0,4362,87.94,12.06
corp2,object,4960,4362,87.94,152,0,0.0,4362,87.94,12.06
targtype2,float64,4960,4362,87.94,16,0,0.0,4362,87.94,12.06
targsubtype2,float64,4960,4362,87.94,65,0,0.0,4362,87.94,12.06
targsubtype2_txt,object,4960,4362,87.94,65,0,0.0,4362,87.94,12.06
target2,object,4960,4362,87.94,221,0,0.0,4362,87.94,12.06
weaptype2_txt,object,4960,4280,86.29,9,0,0.0,4280,86.29,13.71
weaptype2,float64,4960,4280,86.29,9,0,0.0,4280,86.29,13.71
motive,object,4960,4222,85.12,608,0,0.0,4222,85.12,14.88
claimmode_txt,object,4960,4080,82.26,9,0,0.0,4080,82.26,17.74
claimmode,float64,4960,4080,82.26,9,0,0.0,4080,82.26,17.74
related,object,4960,3994,80.52,353,0,0.0,3994,80.52,19.48
alternative_txt,object,4960,3721,75.02,5,0,0.0,3721,75.02,24.98
alternative,float64,4960,3721,75.02,5,0,0.0,3721,75.02,24.98
addnotes,object,4960,3495,70.46,663,0,0.0,3495,70.46,29.54
scite3,object,4960,3264,65.81,1360,0,0.0,3264,65.81,34.19
propextent,float64,4960,3040,61.29,3,0,0.0,3040,61.29,38.71
propextent_txt,object,4960,3040,61.29,3,0,0.0,3040,61.29,38.71
propcomment,object,4960,3035,61.19,683,0,0.0,3035,61.19,38.81
weapdetail,object,4960,3013,60.75,755,0,0.0,3013,60.75,39.25
location,object,4960,2942,59.31,1614,0,0.0,2942,59.31,40.69
INT_LOG,int64,4960,0,0.0,3,2144,43.23,2144,43.23,56.77
INT_IDEO,int64,4960,0,0.0,3,2144,43.23,2144,43.23,56.77
scite2,object,4960,2005,40.42,2195,0,0.0,2005,40.42,59.58
INT_ANY,int64,4960,0,0.0,3,1967,39.66,1967,39.66,60.34
weapsubtype1,float64,4960,793,15.99,28,0,0.0,793,15.99,84.01
weapsubtype1_txt,object,4960,793,15.99,28,0,0.0,793,15.99,84.01
nwound,float64,4960,769,15.5,44,0,0.0,769,15.5,84.5
property,int64,4960,0,0.0,3,738,14.88,738,14.88,85.12
nkill,float64,4960,424,8.55,52,0,0.0,424,8.55,91.45
nwoundte,float64,4960,423,8.53,22,0,0.0,423,8.53,91.47
nkillter,float64,4960,313,6.31,29,0,0.0,313,6.31,93.69
targsubtype1_txt,object,4960,183,3.69,99,0,0.0,183,3.69,96.31
targsubtype1,float64,4960,183,3.69,99,0,0.0,183,3.69,96.31
ishostkid,int64,4960,0,0.0,3,112,2.26,112,2.26,97.74
nperpcap,int64,4960,0,0.0,14,65,1.31,65,1.31,98.69
natlty1_txt,object,4960,60,1.21,87,0,0.0,60,1.21,98.79
natlty1,float64,4960,60,1.21,87,0,0.0,60,1.21,98.79
longitude,float64,4960,35,0.71,3239,0,0.0,35,0.71,99.29
latitude,float64,4960,35,0.71,3250,0,0.0,35,0.71,99.29
multiple,float64,4960,2,0.04,2,0,0.0,2,0.04,99.96
nkillus,float64,4960,1,0.02,5,0,0.0,1,0.02,99.98
nwoundus,float64,4960,1,0.02,5,0,0.0,1,0.02,99.98
eventid,int64,4960,0,0.0,4960,0,0.0,0,0.0,100.0
iyear,int64,4960,0,0.0,1,0,0.0,0,0.0,100.0
imonth,int64,4960,0,0.0,6,0,0.0,0,0.0,100.0
extended,int64,4960,0,0.0,2,0,0.0,0,0.0,100.0
iday,int64,4960,0,0.0,31,0,0.0,0,0.0,100.0
gname,object,4960,0,0.0,197,0,0.0,0,0.0,100.0
target1,object,4960,0,0.0,1678,0,0.0,0,0.0,100.0
summary,object,4960,0,0.0,4881,0,0.0,0,0.0,100.0
vicinity,int64,4960,0,0.0,2,0,0.0,0,0.0,100.0
specificity,int64,4960,0,0.0,5,0,0.0,0,0.0,100.0
provstate,object,4960,0,0.0,443,0,0.0,0,0.0,100.0
individual,int64,4960,0,0.0,2,0,0.0,0,0.0,100.0
guncertain1,int64,4960,0,0.0,2,0,0.0,0,0.0,100.0
suicide,int64,4960,0,0.0,2,0,0.0,0,0.0,100.0
success,int64,4960,0,0.0,2,0,0.0,0,0.0,100.0
region_txt,object,4960,0,0.0,11,0,0.0,0,0.0,100.0
region,int64,4960,0,0.0,11,0,0.0,0,0.0,100.0
city,object,4960,0,0.0,2791,0,0.0,0,0.0,100.0
country,int64,4960,0,0.0,80,0,0.0,0,0.0,100.0
doubtterr,int64,4960,0,0.0,2,0,0.0,0,0.0,100.0
crit3,int64,4960,0,0.0,2,0,0.0,0,0.0,100.0
crit2,int64,4960,0,0.0,2,0,0.0,0,0.0,100.0
crit1,int64,4960,0,0.0,2,0,0.0,0,0.0,100.0
attacktype1_txt,object,4960,0,0.0,9,0,0.0,0,0.0,100.0
targtype1,int64,4960,0,0.0,21,0,0.0,0,0.0,100.0
targtype1_txt,object,4960,0,0.0,21,0,0.0,0,0.0,100.0
corp1,object,4960,0,0.0,1470,0,0.0,0,0.0,100.0
country_txt,object,4960,0,0.0,80,0,0.0,0,0.0,100.0
attacktype1,int64,4960,0,0.0,9,0,0.0,0,0.0,100.0
weaptype1,int64,4960,0,0.0,9,0,0.0,0,0.0,100.0
claimed,int64,4960,0,0.0,2,0,0.0,0,0.0,100.0
weaptype1_txt,object,4960,0,0.0,9,0,0.0,0,0.0,100.0
scite1,object,4960,0,0.0,3123,0,0.0,0,0.0,100.0
dbsource,object,4960,0,0.0,1,0,0.0,0,0.0,100.0
INT_MISC,int64,4960,0,0.0,2,0,0.0,0,0.0,100.0
